Employee #,Username,Password
10001,ExampleUser#1,Password#1
10002,ExampleUser#2,Password#2
10003,ExampleUser#3,Password#3
10004,ExampleUser#4,Password#4
10005,ExampleUser#5,Password#5
10006,ExampleUser#6,Password#6
10007,ExampleUser#7,Password#7
10008,ExampleUser#8,Password#8
10009,ExampleUser#9,Password#9
10010,ExampleUser#10,Password#10
10011,ExampleUser#11,Password#11
10012,ExampleUser#12,Password#12
10013,ExampleUser#13,Password#13
10014,ExampleUser#14,Password#14
10015,ExampleUser#15,Password#15
10016,ExampleUser#16,Password#16
10017,ExampleUser#17,Password#17
10018,ExampleUser#18,Password#18
10019,ExampleUser#19,Password#19
10020,ExampleUser#20,Password#20
10021,ExampleUser#21,Password#21
10022,ExampleUser#22,Password#22
10023,ExampleUser#23,Password#23
10024,ExampleUser#24,Password#24
10025,ExampleUser#25,Password#25
10026,ExampleUser#26,Password#26
10027,ExampleUser#27,Password#27
10028,ExampleUser#28,Password#28
10029,ExampleUser#29,Password#29
10030,ExampleUser#30,Password#30
10031,ExampleUser#31,Password#31
10032,ExampleUser#32,Password#32
10033,ExampleUser#33,Password#33
10034,ExampleUser#34,Password#34
